{
    "Non-Bullying": {
        "precision": 0.939381774387796,
        "recall": 0.8444604835799351,
        "f1-score": 0.8893956670467503,
        "support": 2771.0
    },
    "Bullying": {
        "precision": 0.858734841035726,
        "recall": 0.9455070371706965,
        "f1-score": 0.9000343524562007,
        "support": 2771.0
    },
    "accuracy": 0.8949837603753158,
    "macro avg": {
        "precision": 0.899058307711761,
        "recall": 0.8949837603753158,
        "f1-score": 0.8947150097514756,
        "support": 5542.0
    },
    "weighted avg": {
        "precision": 0.8990583077117611,
        "recall": 0.8949837603753158,
        "f1-score": 0.8947150097514754,
        "support": 5542.0
    }
}