{
    "test_loss": 0.2707692086696625,
    "test_accuracy": 0.8949837603753158,
    "test_precision": 0.858734841035726,
    "test_recall": 0.9455070371706965,
    "test_f1": 0.9000343524562007,
    "test_runtime": 43.1424,
    "test_samples_per_second": 128.458,
    "test_steps_per_second": 8.043
}